{
  "exp1b": {
    "alpha_hyper_mean": 0.3136854329009335,
    "alpha_hyper_std": 0.11166857741102394,
    "rel_bias_pct": -21.578641774766634,
    "a_2to0_mean": 0.3045538490555088
  },
  "exp2": {
    "opt_lambda_aic": 1.873817422860385,
    "opt_lambda_bic": 1.873817422860385,
    "survivors_at_min_lambda": 2,
    "survivors_at_opt": 2
  },
  "exp3": {
    "final_logL_mean": -1131.2651160247212,
    "final_logL_std": 0.003115044478247184,
    "n_within_1nat": 20,
    "n_total": 20
  },
  "exp4": {
    "alpha_at_rho_true_cross": 1.1045454545454545,
    "alpha_at_rho_inf_cross": 1.3681818181818182
  },
  "exp7": {
    "deltaL_A": 8.64143530687079,
    "bic_diff_A": 10.969322567464133,
    "deltaL_B": -0.03211494149297778,
    "bic_diff_B": -6.270805809710964
  },
  "exp8": {
    "best_delta": 0.5,
    "alpha_at_best_delta": 0.4028078690793044
  },
  "exp9": {
    "exponent_full": 1.6702855970406754,
    "exponent_asymptotic": 1.9571007309720534,
    "max_n": 2233.0
  },
  "exp10": {
    "logL_pw": 6760.237906889391,
    "logL_hth": 6780.879837307904,
    "delta_L": 20.641930418513766,
    "bic_diff": -8.107588624357959,
    "alpha_hyper": {
      "(0, 1)": 0.22359970348832878,
      "(0, 2)": 0.1311165917920408,
      "(0, 3)": 0.34795432976357593,
      "(0, 4)": 0.15658250706349136,
      "(0, 5)": 3.7289500013372594,
      "(0, 6)": 0.06329755588882119
    }
  },
  "exp11": {
    "rel_bias_beta_0.5": -18.938879216055458,
    "rel_bias_beta_1.0": -2.9196192045973652,
    "rel_bias_beta_2.0": -18.162080155186818,
    "rel_bias_beta_4.0": -0.5373530153730821,
    "rel_bias_beta_8.0": 12.28523129935194
  },
  "_timestamp": "20260624_143604"
}