{
  "exp1b": {
    "alpha_hyper_mean": 0.3741567196170368,
    "alpha_hyper_std": 0.0944677373685797,
    "rel_bias_pct": -6.46082009574081,
    "a_2to0_mean": 0.2918243492356389
  },
  "exp2": {
    "opt_lambda_aic": 10.0,
    "opt_lambda_bic": 10.0,
    "survivors_at_min_lambda": 4,
    "survivors_at_opt": 1
  },
  "exp3": {
    "final_logL_mean": -1125.1187132660393,
    "final_logL_std": 0.0014205253947007005,
    "n_within_1nat": 20,
    "n_total": 20
  },
  "exp4": {
    "alpha_at_rho_true_cross": 1.1045454545454545,
    "alpha_at_rho_inf_cross": 1.1045454545454545
  },
  "exp7": {
    "deltaL_A": 4.587319507246775,
    "bic_diff_A": 2.8610909682165584,
    "deltaL_B": 0.00018146822503695148,
    "bic_diff_B": -6.1837859544875755
  },
  "exp8": {
    "best_delta": 0.5,
    "alpha_at_best_delta": 0.3183520263482031
  },
  "exp9": {
    "exponent_full": 1.2944748531081494,
    "exponent_asymptotic": 1.947579079310229,
    "max_n": 2247.0
  },
  "exp10": {
    "logL_pw": 6757.312355178878,
    "logL_hth": 6779.838514929515,
    "delta_L": 22.526159750637817,
    "bic_diff": -4.339129960109858,
    "alpha_hyper": {
      "(0, 1)": 0.22359970348053693,
      "(0, 2)": 0.13111659180503532,
      "(0, 3)": 0.3479543297576479,
      "(0, 4)": 0.1565825070627982,
      "(0, 5)": 3.7289500013383066,
      "(0, 6)": 0.06329755588923625
    },
    "split_delta_L": 8.10133274884538,
    "split_chibar_p": 2.845698913176352e-05,
    "split_bic_diff": -28.928490015518946,
    "naive_chibar_p": 9.591994935020269e-12
  },
  "exp11": {
    "rel_bias_beta_0.5": -7.32886136883118,
    "rel_bias_beta_1.0": -7.7241865552121345,
    "rel_bias_beta_2.0": 14.391316958076814,
    "rel_bias_beta_4.0": 6.567748452369987,
    "rel_bias_beta_8.0": -26.22250321920734
  },
  "exp12": {
    "R2": {
      "r_true": 2,
      "controlled": {
        "aic_selected_rank": 2,
        "bic_selected_rank": 1,
        "cov_angle_elbow_rank": 2,
        "relerr_at_true": 20.60504430896037,
        "cov_angle_at_true": 11.893789211491987,
        "relerr_free": 20.434516595598843,
        "params_free": 23,
        "params_cp_at_true": 12.0
      },
      "full_em": {
        "aic_selected_rank": 2,
        "bic_selected_rank": 1,
        "cov_angle_elbow_rank": 2,
        "relerr_at_true": 20.66632253387441,
        "cov_angle_at_true": 11.798893357308227,
        "relerr_free": null,
        "params_free": null,
        "params_cp_at_true": 12.0
      }
    },
    "R3": {
      "r_true": 3,
      "controlled": {
        "aic_selected_rank": 2,
        "bic_selected_rank": 1,
        "cov_angle_elbow_rank": 3,
        "relerr_at_true": 27.00854742430937,
        "cov_angle_at_true": 26.02801972710705,
        "relerr_free": 26.909667734121296,
        "params_free": 24,
        "params_cp_at_true": 18.0
      },
      "full_em": {
        "aic_selected_rank": 2,
        "bic_selected_rank": 1,
        "cov_angle_elbow_rank": 3,
        "relerr_at_true": 25.63608327202261,
        "cov_angle_at_true": 24.360264860849533,
        "relerr_free": null,
        "params_free": null,
        "params_cp_at_true": 18.0
      }
    }
  },
  "exp13": {
    "naive_fpr_pct": 72.5,
    "split_fpr_pct": 15.0,
    "nseed": 40,
    "T": 700.0,
    "control_split_fpr_pct": 2.5,
    "control_nseed": 40,
    "control_T": 700.0
  },
  "exp14": {
    "true_edge": "(0, 1, 2)",
    "threshold": 0.02,
    "rows": [
      {
        "alpha": 0.4,
        "footprint": 0.04794507383126404,
        "nominated_pct": 83.33333333333334,
        "bias_pct": -1.198827772466965,
        "dL": 0.4714768762953459
      },
      {
        "alpha": 0.6,
        "footprint": 0.05498203662224143,
        "nominated_pct": 79.16666666666666,
        "bias_pct": -5.417422583999873,
        "dL": 2.474992335233916
      },
      {
        "alpha": 0.8,
        "footprint": 0.07121534572576321,
        "nominated_pct": 91.66666666666666,
        "bias_pct": -2.643388257504861,
        "dL": 5.5482094078992175
      }
    ]
  },
  "exp15": {
    "edge": "(0, 1, 2)",
    "rows": [
      {
        "alpha": 0.0,
        "dL_inter": 0.026213671231647487,
        "dL_HTH": 0.1799060856566537,
        "winner": "HTH",
        "margin": 0.1536924144250062
      },
      {
        "alpha": 0.4,
        "dL_inter": 0.6908680948597762,
        "dL_HTH": 2.009776523500236,
        "winner": "HTH",
        "margin": 1.31890842864046
      },
      {
        "alpha": 0.6,
        "dL_inter": 1.3913899787577482,
        "dL_HTH": 3.784286269170168,
        "winner": "HTH",
        "margin": 2.39289629041242
      },
      {
        "alpha": 0.8,
        "dL_inter": 1.8218495552543008,
        "dL_HTH": 6.319837364421947,
        "winner": "HTH",
        "margin": 4.497987809167647
      }
    ]
  },
  "_timestamp": "20260630_125806"
}