{
  "exp1b": {
    "alpha_hyper_mean": 0.3136854329009335,
    "alpha_hyper_std": 0.11166857741102394,
    "rel_bias_pct": -21.578641774766634,
    "a_2to0_mean": 0.3045538490555088
  },
  "exp2": {
    "opt_lambda_aic": 0.001,
    "opt_lambda_bic": 0.001,
    "survivors_at_min_lambda": 2,
    "survivors_at_opt": 2
  },
  "exp3": {
    "final_logL_mean": -1131.2651160247212,
    "final_logL_std": 0.003115044478247184,
    "n_within_1nat": 20,
    "n_total": 20
  },
  "exp4": {
    "alpha_at_rho_true_cross": 1.1045454545454545,
    "alpha_at_rho_inf_cross": 1.3681818181818182
  },
  "exp7": {
    "deltaL_A": 7.9141847166015395,
    "bic_diff_A": 9.514821386925632,
    "deltaL_B": -0.014318777788275838,
    "bic_diff_B": -6.235213482301333
  },
  "exp8": {
    "best_delta": 0.5,
    "alpha_at_best_delta": 0.40280786907930405
  },
  "exp9": {
    "exponent_full": 1.6702855970406754,
    "exponent_asymptotic": 1.9571007309720534,
    "max_n": 2233.0
  },
  "exp10": {
    "logL_pw": 6757.312355178878,
    "logL_hth": 6779.838514929515,
    "delta_L": 22.526159750637817,
    "bic_diff": -4.339129960109858,
    "alpha_hyper": {
      "(0, 1)": 0.22359970348053693,
      "(0, 2)": 0.13111659180503532,
      "(0, 3)": 0.3479543297576479,
      "(0, 4)": 0.1565825070627982,
      "(0, 5)": 3.7289500013383066,
      "(0, 6)": 0.06329755588923625
    },
    "split_delta_L": 8.10133274884538,
    "split_chibar_p": 2.845698913176352e-05,
    "split_bic_diff": -28.928490015518946,
    "naive_chibar_p": 9.591994935020269e-12
  },
  "exp11": {
    "rel_bias_beta_0.5": -21.36199022592189,
    "rel_bias_beta_1.0": -19.48400737368086,
    "rel_bias_beta_2.0": -30.9436149373738,
    "rel_bias_beta_4.0": -32.290428277386134,
    "rel_bias_beta_8.0": -40.82351719947711
  },
  "exp12": {
    "R2": {
      "r_true": 2,
      "controlled": {
        "aic_selected_rank": 2,
        "bic_selected_rank": 1,
        "cov_angle_elbow_rank": 2,
        "relerr_at_true": 20.60504430896037,
        "cov_angle_at_true": 11.893789211491987,
        "relerr_free": 20.434516595598843,
        "params_free": 23,
        "params_cp_at_true": 12.0
      },
      "full_em": {
        "aic_selected_rank": 2,
        "bic_selected_rank": 1,
        "cov_angle_elbow_rank": 2,
        "relerr_at_true": 20.66632253387441,
        "cov_angle_at_true": 11.798893357308227,
        "relerr_free": null,
        "params_free": null,
        "params_cp_at_true": 12.0
      }
    },
    "R3": {
      "r_true": 3,
      "controlled": {
        "aic_selected_rank": 2,
        "bic_selected_rank": 1,
        "cov_angle_elbow_rank": 3,
        "relerr_at_true": 27.00854742430937,
        "cov_angle_at_true": 26.02801972710705,
        "relerr_free": 26.909667734121296,
        "params_free": 24,
        "params_cp_at_true": 18.0
      },
      "full_em": {
        "aic_selected_rank": 2,
        "bic_selected_rank": 1,
        "cov_angle_elbow_rank": 3,
        "relerr_at_true": 25.63608327202261,
        "cov_angle_at_true": 24.360264860849533,
        "relerr_free": null,
        "params_free": null,
        "params_cp_at_true": 18.0
      }
    }
  },
  "exp13": {
    "naive_fpr_pct": 72.5,
    "split_fpr_pct": 30.0,
    "nseed": 40,
    "T": 700.0,
    "control_split_fpr_pct": 5.0,
    "control_nseed": 40,
    "control_T": 700.0
  },
  "exp14": {
    "true_edge": "(0, 1, 2)",
    "threshold": 0.02,
    "rows": [
      {
        "alpha": 0.4,
        "footprint": 0.049226728839260436,
        "nominated_pct": 91.66666666666666,
        "bias_pct": -28.132161788530656,
        "dL": -1.6388778906153334
      },
      {
        "alpha": 0.6,
        "footprint": 0.05443107267259578,
        "nominated_pct": 83.33333333333334,
        "bias_pct": -23.080560879588404,
        "dL": -0.014547109154733562
      },
      {
        "alpha": 0.8,
        "footprint": 0.06491395068709852,
        "nominated_pct": 95.83333333333334,
        "bias_pct": -14.185463870653848,
        "dL": 3.0667755932744476
      }
    ]
  },
  "exp15": {
    "edge": "(0, 1, 2)",
    "rows": [
      {
        "alpha": 0.0,
        "dL_inter": 0.005283419653233919,
        "dL_HTH": 0.046360375951420535,
        "winner": "HTH",
        "margin": 0.04107695629818661
      },
      {
        "alpha": 0.4,
        "dL_inter": 0.06946582329741852,
        "dL_HTH": 1.0763285084150247,
        "winner": "HTH",
        "margin": 1.0068626851176061
      },
      {
        "alpha": 0.6,
        "dL_inter": 0.2775285188873046,
        "dL_HTH": 2.433024344085488,
        "winner": "HTH",
        "margin": 2.1554958251981837
      },
      {
        "alpha": 0.8,
        "dL_inter": 1.441033620826495,
        "dL_HTH": 4.941351114254373,
        "winner": "HTH",
        "margin": 3.500317493427878
      }
    ]
  },
  "_timestamp": "20260626_204414"
}